"~id","~start_node_id","~end_node_id","~relationship_type"
"1155188697583321089","1","824","WROTE"
"1157440497397006337","1","3329","WROTE"
"1159692297210691585","1","5058","WROTE"
"1161944097024376833","1","5059","WROTE"
"1164195896838062081","1","5063","WROTE"
"1166447696651747329","1","5071","WROTE"
"1152936897769635841","1","11073","WROTE"
"1152936897769635843","3","0","WROTE"
"1155188697583321091","3","10120","WROTE"
"1152936897769635846","6","2","WROTE"
"1152936897769635848","8","5","WROTE"
"1155188697583321096","8","6220","WROTE"
"1157440497397006344","8","7656","WROTE"
"1152936897769635849","9","7","WROTE"
"1152936897769635850","10","7","WROTE"
"1152936897769635851","11","7","WROTE"
"1152936897769635852","12","7","WROTE"
"1152936897769635853","13","7","WROTE"
"1152936897769635856","16","14","WROTE"
"1152936897769635858","18","15","WROTE"
"1152936897769635860","20","17","WROTE"
"1155188697583321108","20","8186","WROTE"
"1152936897769635863","23","21","WROTE"
"1155188697583321111","23","5904","WROTE"
"1157440497397006359","23","8555","WROTE"
"1152936897769635866","26","25","WROTE"
"1152936897769635868","28","25","WROTE"
"1152936897769635870","30","27","WROTE"
"1155188697583321118","30","4022","WROTE"
"1157440497397006366","30","4033","WROTE"
"1159692297210691614","30","4105","WROTE"
"1161944097024376862","30","4120","WROTE"
"1164195896838062110","30","4122","WROTE"
"1166447696651747358","30","6466","WROTE"
"1168699496465432606","30","8407","WROTE"
"1170951296279117854","30","8409","WROTE"
"1152936897769635872","32","29","WROTE"
"1152936897769635875","35","31","WROTE"
"1155188697583321123","35","374","WROTE"
"1152936897769635878","38","34","WROTE"
"1155188697583321126","38","37","WROTE"
"1157440497397006374","38","39","WROTE"
"1159692297210691622","38","52","WROTE"
"1161944097024376870","38","53","WROTE"
"1164195896838062118","38","54","WROTE"
"1166447696651747366","38","55","WROTE"
"1168699496465432614","38","66","WROTE"
"1170951296279117862","38","8382","WROTE"
"1152936897769635882","42","40","WROTE"
"1152936897769635885","45","41","WROTE"
"1152936897769635887","47","44","WROTE"
"1155188697583321135","47","48","WROTE"
"1157440497397006383","47","56","WROTE"
"1152936897769635889","49","46","WROTE"
"1155188697583321137","49","50","WROTE"
"1157440497397006385","49","51","WROTE"
"1159692297210691633","49","60","WROTE"
"1161944097024376881","49","8032","WROTE"
"1152936897769635899","59","57","WROTE"
"1155188697583321147","59","3089","WROTE"
"1152936897769635905","65","63","WROTE"
"1152936897769635907","67","64","WROTE"
"1152936897769635911","71","70","WROTE"
"1155188697583321159","71","6258","WROTE"
"1157440497397006407","71","6270","WROTE"
"1159692297210691655","71","6273","WROTE"
"1152936897769635913","73","70","WROTE"
"1152936897769635917","77","76","WROTE"
"1152936897769635926","86","84","WROTE"
"1155188697583321174","86","85","WROTE"
"1157440497397006422","86","87","WROTE"
"1152936897769635930","90","88","WROTE"
"1152936897769635940","100","97","WROTE"
"1155188697583321188","100","534","WROTE"
"1157440497397006436","100","5578","WROTE"
"1152936897769635943","103","99","WROTE"
"1155188697583321191","103","2198","WROTE"
"1157440497397006439","103","2248","WROTE"
"1159692297210691687","103","4204","WROTE"
"1161944097024376935","103","4225","WROTE"
"1164195896838062183","103","4232","WROTE"
"1166447696651747431","103","4238","WROTE"
"1168699496465432679","103","4246","WROTE"
"1170951296279117927","103","4269","WROTE"
"1173203096092803175","103","7287","WROTE"
"1152936897769635944","104","102","WROTE"
"1155188697583321192","104","6204","WROTE"
"1157440497397006440","104","8259","WROTE"
"1152936897769635946","106","102","WROTE"
"1152936897769635947","107","105","WROTE"
"1152936897769635948","108","105","WROTE"
"1152936897769635949","109","105","WROTE"
"1152936897769635951","111","105","WROTE"
"1152936897769635953","113","110","WROTE"
"1152936897769635955","115","112","WROTE"
"1152936897769635958","118","114","WROTE"
"1152936897769635960","120","117","WROTE"
"1152936897769635961","121","119","WROTE"
"1152936897769635962","122","119","WROTE"
"1152936897769635964","124","119","WROTE"
"1152936897769635965","125","123","WROTE"
"1152936897769635968","128","123","WROTE"
"1152936897769635969","129","127","WROTE"
"1152936897769635971","131","127","WROTE"
"1152936897769635973","133","130","WROTE"
"1152936897769635976","136","132","WROTE"
"1155188697583321224","136","1356","WROTE"
"1152936897769635978","138","135","WROTE"
"1152936897769635980","140","137","WROTE"
"1152936897769635982","142","139","WROTE"
"1152936897769635984","144","141","WROTE"
"1152936897769635986","146","143","WROTE"
"1152936897769635988","148","143","WROTE"
"1152936897769635990","150","147","WROTE"
"1155188697583321238","150","271","WROTE"
"1157440497397006486","150","307","WROTE"
"1159692297210691734","150","3254","WROTE"
"1161944097024376982","150","3257","WROTE"
"1164195896838062230","150","3259","WROTE"
"1166447696651747478","150","3260","WROTE"
"1168699496465432726","150","3261","WROTE"
"1170951296279117974","150","3262","WROTE"
"1173203096092803222","150","3263","WROTE"
"1175454895906488470","150","3264","WROTE"
"1177706695720173718","150","3265","WROTE"
"1179958495533858966","150","3266","WROTE"
"1182210295347544214","150","4047","WROTE"
"1184462095161229462","150","5423","WROTE"
"1152936897769635991","151","149","WROTE"
"1155188697583321239","151","409","WROTE"
"1157440497397006487","151","3436","WROTE"
"1159692297210691735","151","3446","WROTE"
"1161944097024376983","151","4570","WROTE"
"1164195896838062231","151","6435","WROTE"
"1166447696651747479","151","7697","WROTE"
"1168699496465432727","151","7700","WROTE"
"1170951296279117975","151","7702","WROTE"
"1173203096092803223","151","11578","WROTE"
"1152936897769635994","154","149","WROTE"
"1155188697583321242","154","3436","WROTE"
"1157440497397006490","154","3446","WROTE"
"1152936897769635996","156","153","WROTE"
"1155188697583321244","156","166","WROTE"
"1157440497397006492","156","3228","WROTE"
"1159692297210691740","156","3230","WROTE"
"1161944097024376988","156","3231","WROTE"
"1164195896838062236","156","3233","WROTE"
"1166447696651747484","156","3234","WROTE"
"1168699496465432732","156","3235","WROTE"
"1170951296279117980","156","3236","WROTE"
"1173203096092803228","156","3237","WROTE"
"1175454895906488476","156","3238","WROTE"
"1177706695720173724","156","3239","WROTE"
"1179958495533858972","156","3731","WROTE"
"1182210295347544220","156","6620","WROTE"
"1152936897769635998","158","155","WROTE"
"1155188697583321246","158","231","WROTE"
"1157440497397006494","158","261","WROTE"
"1159692297210691742","158","276","WROTE"
"1161944097024376990","158","278","WROTE"
"1164195896838062238","158","2473","WROTE"
"1166447696651747486","158","2490","WROTE"
"1168699496465432734","158","2492","WROTE"
"1170951296279117982","158","2513","WROTE"
"1173203096092803230","158","2515","WROTE"
"1175454895906488478","158","2519","WROTE"
"1177706695720173726","158","2596","WROTE"
"1179958495533858974","158","2637","WROTE"
"1182210295347544222","158","4535","WROTE"
"1184462095161229470","158","6407","WROTE"
"1152936897769636000","160","157","WROTE"
"1155188697583321248","160","159","WROTE"
"1152936897769636005","165","162","WROTE"
"1155188697583321253","165","226","WROTE"
"1152936897769636007","167","164","WROTE"
"1155188697583321255","167","201","WROTE"
"1157440497397006503","167","1509","WROTE"
"1159692297210691751","167","3486","WROTE"
"1161944097024376999","167","8798","WROTE"
"1164195896838062247","167","8799","WROTE"
"1166447696651747495","167","8851","WROTE"
"1152936897769636010","170","168","WROTE"
"1152936897769636013","173","169","WROTE"
"1155188697583321261","173","532","WROTE"
"1157440497397006509","173","538","WROTE"
"1152936897769636016","176","172","WROTE"
"1155188697583321264","176","175","WROTE"
"1157440497397006512","176","5953","WROTE"
"1152936897769636021","181","178","WROTE"
"1155188697583321269","181","332","WROTE"
"1157440497397006517","181","6007","WROTE"
"1159692297210691765","181","6008","WROTE"
"1161944097024377013","181","8893","WROTE"
"1152936897769636024","184","180","WROTE"
"1155188697583321272","184","3854","WROTE"
"1157440497397006520","184","4414","WROTE"
"1159692297210691768","184","11182","WROTE"
"1152936897769636027","187","183","WROTE"
"1155188697583321275","187","204","WROTE"
"1157440497397006523","187","324","WROTE"
"1159692297210691771","187","336","WROTE"
"1161944097024377019","187","339","WROTE"
"1164195896838062267","187","2962","WROTE"
"1166447696651747515","187","6033","WROTE"
"1168699496465432763","187","6041","WROTE"
"1170951296279118011","187","6057","WROTE"
"1173203096092803259","187","8908","WROTE"
"1152936897769636030","190","189","WROTE"
"1155188697583321278","190","2487","WROTE"
"1157440497397006526","190","2488","WROTE"
"1159692297210691774","190","2541","WROTE"
"1161944097024377022","190","2543","WROTE"
"1164195896838062270","190","2544","WROTE"
"1166447696651747518","190","2619","WROTE"
"1168699496465432766","190","2671","WROTE"
"1170951296279118014","190","2673","WROTE"
"1173203096092803262","190","2691","WROTE"
"1175454895906488510","190","9101","WROTE"
"1177706695720173758","190","11094","WROTE"
"1179958495533859006","190","11096","WROTE"
"1182210295347544254","190","11097","WROTE"
"1184462095161229502","190","11232","WROTE"
"1186713894974914750","190","11236","WROTE"
"1188965694788599998","190","11242","WROTE"
"1152936897769636033","193","189","WROTE"
"1155188697583321281","193","2529","WROTE"
"1152936897769636035","195","192","WROTE"
"1152936897769636037","197","194","WROTE"
"1155188697583321285","197","2612","WROTE"
"1157440497397006533","197","2642","WROTE"
"1152936897769636039","199","196","WROTE"
"1155188697583321287","199","323","WROTE"
"1157440497397006535","199","1957","WROTE"
"1159692297210691783","199","5706","WROTE"
"1161944097024377031","199","6079","WROTE"
"1152936897769636042","202","198","WROTE"
"1152936897769636049","209","206","WROTE"
"1155188697583321297","209","2304","WROTE"
"1157440497397006545","209","3216","WROTE"
"1159692297210691793","209","3219","WROTE"
"1152936897769636051","211","208","WROTE"
"1155188697583321299","211","2997","WROTE"
"1157440497397006547","211","8788","WROTE"
"1152936897769636053","213","210","WROTE"
"1155188697583321301","213","1235","WROTE"
"1157440497397006549","213","1258","WROTE"
"1159692297210691797","213","1261","WROTE"
"1161944097024377045","213","1303","WROTE"
"1164195896838062293","213","1640","WROTE"
"1166447696651747541","213","1641","WROTE"
"1168699496465432789","213","1741","WROTE"
"1170951296279118037","213","1807","WROTE"
"1173203096092803285","213","2316","WROTE"
"1175454895906488533","213","6938","WROTE"
"1152936897769636056","216","212","WROTE"
"1155188697583321304","216","574","WROTE"
"1157440497397006552","216","6105","WROTE"
"1159692297210691800","216","7675","WROTE"
"1161944097024377048","216","7676","WROTE"
"1164195896838062296","216","7679","WROTE"
"1166447696651747544","216","7685","WROTE"
"1152936897769636058","218","215","WROTE"
"1155188697583321306","218","2594","WROTE"
"1157440497397006554","218","3739","WROTE"
"1159692297210691802","218","3768","WROTE"
"1152936897769636061","221","217","WROTE"
"1155188697583321309","221","303","WROTE"
"1157440497397006557","221","3340","WROTE"
"1159692297210691805","221","6034","WROTE"
"1161944097024377053","221","8888","WROTE"
"1152936897769636064","224","220","WROTE"
"1155188697583321312","224","3869","WROTE"
"1157440497397006560","224","6760","WROTE"
"1159692297210691808","224","6804","WROTE"
"1161944097024377056","224","6809","WROTE"
"1164195896838062304","224","6810","WROTE"
"1166447696651747552","224","9518","WROTE"
"1168699496465432800","224","9519","WROTE"
"1152936897769636067","227","223","WROTE"
"1152936897769636072","232","229","WROTE"
"1155188697583321320","232","1962","WROTE"
"1157440497397006568","232","3604","WROTE"
"1159692297210691816","232","3608","WROTE"
"1161944097024377064","232","3618","WROTE"
"1152936897769636077","237","234","WROTE"
"1152936897769636080","240","236","WROTE"
"1155188697583321328","240","239","WROTE"
"1157440497397006576","240","242","WROTE"
"1159692297210691824","240","244","WROTE"
"1161944097024377072","240","264","WROTE"
"1164195896838062320","240","6063","WROTE"
"1166447696651747568","240","8906","WROTE"
"1168699496465432816","240","8922","WROTE"
"1170951296279118064","240","11274","WROTE"
"1152936897769636089","249","246","WROTE"
"1152936897769636092","252","248","WROTE"
"1155188697583321340","252","251","WROTE"
"1157440497397006588","252","5957","WROTE"
"1159692297210691836","252","5961","WROTE"
"1161944097024377084","252","5968","WROTE"
"1152936897769636099","259","256","WROTE"
"1152936897769636102","262","258","WROTE"
"1155188697583321350","262","6072","WROTE"
"1152936897769636109","269","266","WROTE"
"1152936897769636112","272","268","WROTE"
"1152936897769636117","277","274","WROTE"
"1155188697583321365","277","3431","WROTE"
"1157440497397006613","277","3435","WROTE"
"1159692297210691861","277","3665","WROTE"
"1152936897769636123","283","280","WROTE"
"1155188697583321371","283","2640","WROTE"
"1152936897769636125","285","282","WROTE"
"1152936897769636128","288","284","WROTE"
"1155188697583321376","288","287","WROTE"
"1157440497397006624","288","289","WROTE"
"1159692297210691872","288","291","WROTE"
"1161944097024377120","288","294","WROTE"
"1164195896838062368","288","2830","WROTE"
"1166447696651747616","288","2831","WROTE"
"1152936897769636132","292","290","WROTE"
"1152936897769636139","299","296","WROTE"
"1155188697583321387","299","6135","WROTE"
"1157440497397006635","299","6137","WROTE"
"1159692297210691883","299","6139","WROTE"
"1161944097024377131","299","6196","WROTE"
"1152936897769636141","301","298","WROTE"
"1155188697583321389","301","300","WROTE"
"1157440497397006637","301","302","WROTE"
"1159692297210691885","301","476","WROTE"
"1161944097024377133","301","478","WROTE"
"1164195896838062381","301","1060","WROTE"
"1166447696651747629","301","1071","WROTE"
"1168699496465432877","301","1137","WROTE"
"1170951296279118125","301","1139","WROTE"
"1173203096092803373","301","5727","WROTE"
"1152936897769636151","311","308","WROTE"
"1152936897769636155","315","313","WROTE"
"1155188697583321403","315","493","WROTE"
"1157440497397006651","315","495","WROTE"
"1159692297210691899","315","2294","WROTE"
"1152936897769636157","317","314","WROTE"
"1155188697583321405","317","316","WROTE"
"1157440497397006653","317","318","WROTE"
"1159692297210691901","317","320","WROTE"
"1161944097024377149","317","3241","WROTE"
"1164195896838062397","317","11422","WROTE"
"1152936897769636168","328","326","WROTE"
"1155188697583321416","328","6806","WROTE"
"1157440497397006664","328","10099","WROTE"
"1159692297210691912","328","11523","WROTE"
"1152936897769636170","330","327","WROTE"
"1155188697583321418","330","1278","WROTE"
"1157440497397006666","330","1287","WROTE"
"1159692297210691914","330","1289","WROTE"
"1161944097024377162","330","1295","WROTE"
"1164195896838062410","330","1304","WROTE"
"1166447696651747658","330","1307","WROTE"
"1168699496465432906","330","5927","WROTE"
"1152936897769636173","333","329","WROTE"
"1155188697583321421","333","2453","WROTE"
"1157440497397006669","333","3106","WROTE"
"1159692297210691917","333","3109","WROTE"
"1161944097024377165","333","3147","WROTE"
"1164195896838062413","333","3149","WROTE"
"1166447696651747661","333","4158","WROTE"
"1168699496465432909","333","4159","WROTE"
"1170951296279118157","333","4166","WROTE"
"1173203096092803405","333","4168","WROTE"
"1175454895906488653","333","7159","WROTE"
"1177706695720173901","333","7197","WROTE"
"1179958495533859149","333","7891","WROTE"
"1182210295347544397","333","7897","WROTE"
"1184462095161229645","333","7898","WROTE"
"1186713894974914893","333","7906","WROTE"
"1188965694788600141","333","7909","WROTE"
"1191217494602285389","333","7910","WROTE"
"1193469294415970637","333","7911","WROTE"
"1195721094229655885","333","7912","WROTE"
"1152936897769636177","337","334","WROTE"
"1155188697583321425","337","6556","WROTE"
"1152936897769636184","344","341","WROTE"
"1155188697583321432","344","3205","WROTE"
"1157440497397006680","344","3222","WROTE"
"1159692297210691928","344","3246","WROTE"
"1161944097024377176","344","3248","WROTE"
"1164195896838062424","344","3267","WROTE"
"1166447696651747672","344","4028","WROTE"
"1168699496465432920","344","4065","WROTE"
"1152936897769636187","347","343","WROTE"
"1155188697583321435","347","408","WROTE"
"1157440497397006683","347","450","WROTE"
"1159692297210691931","347","456","WROTE"
"1161944097024377179","347","5831","WROTE"
"1164195896838062427","347","5959","WROTE"
"1166447696651747675","347","5960","WROTE"
"1168699496465432923","347","6156","WROTE"
"1170951296279118171","347","6496","WROTE"
"1173203096092803419","347","6529","WROTE"
"1175454895906488667","347","6578","WROTE"
"1177706695720173915","347","9695","WROTE"
"1152936897769636188","348","346","WROTE"
"1155188697583321436","348","2302","WROTE"
"1157440497397006684","348","3184","WROTE"
"1159692297210691932","348","8889","WROTE"
"1152936897769636191","351","346","WROTE"
"1152936897769636192","352","350","WROTE"
"1152936897769636194","354","350","WROTE"
"1152936897769636196","356","353","WROTE"
"1152936897769636198","358","355","WROTE"
"1152936897769636199","359","357","WROTE"
"1152936897769636202","362","357","WROTE"
"1152936897769636203","363","361","WROTE"
"1155188697583321451","363","8329","WROTE"
"1157440497397006699","363","8331","WROTE"
"1159692297210691947","363","10155","WROTE"
"1152936897769636204","364","361","WROTE"
"1152936897769636205","365","361","WROTE"
"1152936897769636207","367","361","WROTE"
"1152936897769636208","368","366","WROTE"
"1152936897769636211","371","366","WROTE"
"1152936897769636212","372","370","WROTE"
"1152936897769636213","373","370","WROTE"
"1152936897769636215","375","370","WROTE"
"1152936897769636217","377","374","WROTE"
"1152936897769636219","379","376","WROTE"
"1152936897769636221","381","378","WROTE"
"1152936897769636222","382","380","WROTE"
"1152936897769636223","383","380","WROTE"
"1152936897769636225","385","380","WROTE"
"1152936897769636227","387","384","WROTE"
"1152936897769636229","389","386","WROTE"
"1155188697583321477","389","390","WROTE"
"1157440497397006725","389","392","WROTE"
"1159692297210691973","389","394","WROTE"
"1161944097024377221","389","613","WROTE"
"1164195896838062469","389","804","WROTE"
"1166447696651747717","389","822","WROTE"
"1168699496465432965","389","951","WROTE"
"1170951296279118213","389","956","WROTE"
"1173203096092803461","389","957","WROTE"
"1175454895906488709","389","1026","WROTE"
"1177706695720173957","389","1028","WROTE"
"1179958495533859205","389","1038","WROTE"
"1182210295347544453","389","1046","WROTE"
"1184462095161229701","389","4117","WROTE"
"1186713894974914949","389","5437","WROTE"
"1188965694788600197","389","5495","WROTE"
"1191217494602285445","389","5691","WROTE"
"1193469294415970693","389","5985","WROTE"
"1195721094229655941","389","8440","WROTE"
"1152936897769636231","391","388","WROTE"
"1155188697583321479","391","540","WROTE"
"1157440497397006727","391","929","WROTE"
"1159692297210691975","391","930","WROTE"
"1161944097024377223","391","933","WROTE"
"1164195896838062471","391","1022","WROTE"
"1152936897769636235","395","393","WROTE"
"1155188697583321483","395","412","WROTE"
"1157440497397006731","395","519","WROTE"
"1159692297210691979","395","604","WROTE"
"1161944097024377227","395","607","WROTE"
"1164195896838062475","395","608","WROTE"
"1166447696651747723","395","1014","WROTE"
"1168699496465432971","395","1116","WROTE"
"1152936897769636239","399","396","WROTE"
"1155188697583321487","399","5970","WROTE"
"1152936897769636242","402","398","WROTE"
"1155188697583321490","402","6817","WROTE"
"1152936897769636245","405","401","WROTE"
"1155188697583321493","405","510","WROTE"
"1152936897769636247","407","404","WROTE"
"1155188697583321495","407","455","WROTE"
"1157440497397006743","407","470","WROTE"
"1159692297210691991","407","1947","WROTE"
"1161944097024377239","407","2067","WROTE"
"1164195896838062487","407","2084","WROTE"
"1166447696651747735","407","2094","WROTE"
"1168699496465432983","407","5357","WROTE"
"1170951296279118231","407","5402","WROTE"
"1173203096092803479","407","7674","WROTE"
"1175454895906488727","407","7835","WROTE"
"1177706695720173975","407","9553","WROTE"
"1152936897769636253","413","410","WROTE"
"1152936897769636256","416","415","WROTE"
"1152936897769636257","417","415","WROTE"
"1152936897769636258","418","415","WROTE"
"1152936897769636259","419","415","WROTE"
"1152936897769636261","421","415","WROTE"
"1155188697583321509","421","4777","WROTE"
"1152936897769636263","423","420","WROTE"
"1152936897769636266","426","422","WROTE"
"1155188697583321514","426","3574","WROTE"
"1157440497397006762","426","5969","WROTE"
"1152936897769636269","429","425","WROTE"
"1155188697583321517","429","3398","WROTE"
"1157440497397006765","429","6128","WROTE"
"1152936897769636272","432","428","WROTE"
"1155188697583321520","432","431","WROTE"
"1157440497397006768","432","465","WROTE"
"1159692297210692016","432","3054","WROTE"
"1152936897769636273","433","431","WROTE"
"1152936897769636276","436","434","WROTE"
"1155188697583321524","436","940","WROTE"
"1157440497397006772","436","1154","WROTE"
"1159692297210692020","436","9870","WROTE"
"1152936897769636278","438","435","WROTE"
"1152936897769636280","440","437","WROTE"
"1155188697583321528","440","3401","WROTE"
"1152936897769636282","442","439","WROTE"
"1155188697583321530","442","4882","WROTE"
"1152936897769636284","444","441","WROTE"
"1155188697583321532","444","468","WROTE"
"1157440497397006780","444","909","WROTE"
"1159692297210692028","444","927","WROTE"
"1161944097024377276","444","987","WROTE"
"1164195896838062524","444","989","WROTE"
"1166447696651747772","444","990","WROTE"
"1168699496465433020","444","1145","WROTE"
"1170951296279118268","444","5424","WROTE"
"1173203096092803516","444","5539","WROTE"
"1152936897769636286","446","443","WROTE"
"1152936897769636289","449","445","WROTE"
"1155188697583321537","449","523","WROTE"
"1157440497397006785","449","877","WROTE"
"1159692297210692033","449","1400","WROTE"
"1161944097024377281","449","4494","WROTE"
"1164195896838062529","449","4856","WROTE"
"1166447696651747777","449","5384","WROTE"
"1152936897769636291","451","448","WROTE"
"1155188697583321539","451","875","WROTE"
"1157440497397006787","451","5944","WROTE"
"1152936897769636294","454","452","WROTE"
"1155188697583321542","454","453","WROTE"
"1157440497397006790","454","5380","WROTE"
"1159692297210692038","454","5401","WROTE"
"1152936897769636298","458","457","WROTE"
"1155188697583321546","458","11195","WROTE"
"1152936897769636300","460","457","WROTE"
"1155188697583321548","460","584","WROTE"
"1157440497397006796","460","1068","WROTE"
"1159692297210692044","460","1070","WROTE"
"1161944097024377292","460","1155","WROTE"
"1152936897769636301","461","459","WROTE"
"1155188697583321549","461","561","WROTE"
"1157440497397006797","461","908","WROTE"
"1159692297210692045","461","8819","WROTE"
"1161944097024377293","461","8821","WROTE"
"1164195896838062541","461","8836","WROTE"
"1152936897769636304","464","459","WROTE"
"1155188697583321552","464","561","WROTE"
"1157440497397006800","464","5522","WROTE"
"1152936897769636306","466","463","WROTE"
"1152936897769636309","469","467","WROTE"
"1152936897769636313","473","471","WROTE"
"1152936897769636315","475","472","WROTE"
"1152936897769636317","477","474","WROTE"
"1152936897769636321","481","479","WROTE"
"1155188697583321569","481","1064","WROTE"
"1157440497397006817","481","11147","WROTE"
"1152936897769636323","483","480","WROTE"
"1152936897769636325","485","482","WROTE"
"1155188697583321573","485","597","WROTE"
"1157440497397006821","485","2701","WROTE"
"1159692297210692069","485","2702","WROTE"
"1161944097024377317","485","6125","WROTE"
"1164195896838062565","485","6127","WROTE"
"1152936897769636327","487","484","WROTE"
"1152936897769636330","490","486","WROTE"
"1155188697583321578","490","1149","WROTE"
"1152936897769636332","492","489","WROTE"
"1155188697583321580","492","521","WROTE"
"1157440497397006828","492","1063","WROTE"
"1159692297210692076","492","3856","WROTE"
"1161944097024377324","492","5700","WROTE"
"1152936897769636334","494","491","WROTE"
"1155188697583321582","494","8429","WROTE"
"1157440497397006830","494","9511","WROTE"
"1159692297210692078","494","9513","WROTE"
"1161944097024377326","494","9517","WROTE"
"1152936897769636337","497","496","WROTE"
"1152936897769636340","500","496","WROTE"
"1152936897769636342","502","499","WROTE"
"1152936897769636344","504","501","WROTE"
"1152936897769636345","505","503","WROTE"
"1155188697583321593","505","3552","WROTE"
"1157440497397006841","505","11184","WROTE"
"1152936897769636347","507","503","WROTE"
"1152936897769636349","509","506","WROTE"
"1152936897769636352","512","511","WROTE"
"1155188697583321600","512","595","WROTE"
"1157440497397006848","512","829","WROTE"
"1159692297210692096","512","906","WROTE"
"1161944097024377344","512","907","WROTE"
"1164195896838062592","512","1057","WROTE"
"1166447696651747840","512","1091","WROTE"
"1168699496465433088","512","1099","WROTE"
"1170951296279118336","512","1150","WROTE"
"1173203096092803584","512","8377","WROTE"
"1175454895906488832","512","9645","WROTE"
"1177706695720174080","512","11443","WROTE"
"1152936897769636354","514","511","WROTE"
"1155188697583321602","514","595","WROTE"
"1152936897769636356","516","513","WROTE"
"1152936897769636358","518","515","WROTE"
"1155188697583321606","518","517","WROTE"
"1152936897769636364","524","522","WROTE"
"1152936897769636365","525","523","WROTE"
"1152936897769636367","527","523","WROTE"
"1152936897769636369","529","526","WROTE"
"1155188697583321617","529","7431","WROTE"
"1152936897769636370","530","528","WROTE"
"1152936897769636373","533","528","WROTE"
"1152936897769636377","537","535","WROTE"
"1152936897769636381","541","539","WROTE"
"1155188697583321629","541","2705","WROTE"
"1157440497397006877","541","2968","WROTE"
"1159692297210692125","541","3021","WROTE"
"1152936897769636385","545","543","WROTE"
"1155188697583321633","545","5708","WROTE"
"1152936897769636388","548","546","WROTE"
"1152936897769636391","551","547","WROTE"
"1155188697583321639","551","601","WROTE"
"1157440497397006887","551","991","WROTE"
"1159692297210692135","551","2578","WROTE"
"1161944097024377383","551","2579","WROTE"
"1164195896838062631","551","2592","WROTE"
"1152936897769636393","553","550","WROTE"
"1155188697583321641","553","572","WROTE"
"1157440497397006889","553","993","WROTE"
"1159692297210692137","553","5863","WROTE"
"1152936897769636395","555","552","WROTE"
"1155188697583321643","555","554","WROTE"
"1157440497397006891","555","2946","WROTE"
"1159692297210692139","555","2947","WROTE"
"1152936897769636398","558","556","WROTE"
"1155188697583321646","558","592","WROTE"
"1157440497397006894","558","5689","WROTE"
"1159692297210692142","558","7235","WROTE"
"1161944097024377390","558","7241","WROTE"
"1164195896838062638","558","7250","WROTE"
"1166447696651747886","558","7252","WROTE"
"1168699496465433134","558","8059","WROTE"
"1152936897769636399","559","557","WROTE"
"1152936897769636400","560","557","WROTE"
"1152936897769636402","562","557","WROTE"
"1152936897769636406","566","564","WROTE"
"1152936897769636408","568","565","WROTE"
"1155188697583321656","568","2953","WROTE"
"1157440497397006904","568","3924","WROTE"
"1159692297210692152","568","8815","WROTE"
"1152936897769636410","570","567","WROTE"
"1155188697583321658","570","575","WROTE"
"1157440497397006906","570","1810","WROTE"
"1159692297210692154","570","8910","WROTE"
"1161944097024377402","570","9853","WROTE"
"1164195896838062650","570","9854","WROTE"
"1166447696651747898","570","11105","WROTE"
"1152936897769636413","573","569","WROTE"
"1155188697583321661","573","1286","WROTE"
"1157440497397006909","573","3663","WROTE"
"1159692297210692157","573","5318","WROTE"
"1161944097024377405","573","7877","WROTE"
"1164195896838062653","573","9052","WROTE"
"1152936897769636416","576","574","WROTE"
"1152936897769636419","579","577","WROTE"
"1152936897769636421","581","578","WROTE"
"1155188697583321669","581","1016","WROTE"
"1157440497397006917","581","4894","WROTE"
"1152936897769636423","583","580","WROTE"
"1152936897769636425","585","582","WROTE"
"1155188697583321673","585","9792","WROTE"
"1152936897769636426","586","584","WROTE"
"1155188697583321674","586","879","WROTE"
"1157440497397006922","586","903","WROTE"
"1159692297210692170","586","1068","WROTE"
"1161944097024377418","586","1070","WROTE"
"1164195896838062666","586","1155","WROTE"
"1166447696651747914","586","5848","WROTE"
"1168699496465433162","586","7824","WROTE"
"1170951296279118410","586","7833","WROTE"
"1152936897769636429","589","587","WROTE"
"1152936897769636431","591","588","WROTE"
"1155188697583321679","591","9851","WROTE"
"1152936897769636433","593","590","WROTE"
"1155188697583321681","593","6935","WROTE"
"1157440497397006929","593","9644","WROTE"
"1159692297210692177","593","9649","WROTE"
"1161944097024377425","593","9652","WROTE"
"1164195896838062673","593","10104","WROTE"
"1166447696651747921","593","11522","WROTE"
"1168699496465433169","593","11527","WROTE"
"1152936897769636436","596","594","WROTE"
"1155188697583321684","596","5988","WROTE"
"1157440497397006932","596","6050","WROTE"
"1159692297210692180","596","8844","WROTE"
"1152936897769636440","600","597","WROTE"
"1152936897769636442","602","599","WROTE"
"1155188697583321690","602","3624","WROTE"
"1157440497397006938","602","11229","WROTE"
"1152936897769636445","605","603","WROTE"
"1155188697583321693","605","5698","WROTE"
"1152936897769636451","611","609","WROTE"
"1155188697583321699","611","4123","WROTE"
"1157440497397006947","611","9925","WROTE"
"1152936897769636452","612","610","WROTE"
"1155188697583321700","612","803","WROTE"
"1157440497397006948","612","1031","WROTE"
"1159692297210692196","612","5703","WROTE"
"1161944097024377444","612","11465","WROTE"
"1152936897769636454","614","610","WROTE"
"1152936897769636456","616","615","WROTE"
"1155188697583321704","616","1989","WROTE"
"1157440497397006952","616","2472","WROTE"
"1159692297210692200","616","5315","WROTE"
"1161944097024377448","616","5977","WROTE"
"1152936897769636458","618","615","WROTE"
"1152936897769636460","620","617","WROTE"
"1155188697583321708","620","944","WROTE"
"1157440497397006956","620","946","WROTE"
"1159692297210692204","620","2436","WROTE"
"1161944097024377452","620","5000","WROTE"
"1164195896838062700","620","5451","WROTE"
"1166447696651747948","620","7215","WROTE"
"1168699496465433196","620","7806","WROTE"
"1152936897769636462","622","619","WROTE"
"1155188697583321710","622","621","WROTE"
"1152936897769636467","627","624","WROTE"
"1155188697583321715","627","804","WROTE"
"1157440497397006963","627","956","WROTE"
"1159692297210692211","627","1028","WROTE"
"1161944097024377459","627","7640","WROTE"
"1164195896838062707","627","9518","WROTE"
"1166447696651747955","627","11424","WROTE"
"1152936897769636469","629","626","WROTE"
"1152936897769636471","631","628","WROTE"
"1155188697583321719","631","814","WROTE"
"1152936897769636473","633","630","WROTE"
"1155188697583321721","633","1024","WROTE"
"1152936897769636475","635","632","WROTE"
"1155188697583321723","635","958","WROTE"
"1157440497397006971","635","1152","WROTE"
"1159692297210692219","635","7201","WROTE"
"1161944097024377467","635","9817","WROTE"
"1152936897769636477","637","634","WROTE"
"1155188697583321725","637","4683","WROTE"
"1152936897769636479","639","636","WROTE"
"1155188697583321727","639","669","WROTE"
"1157440497397006975","639","721","WROTE"
"1159692297210692223","639","1359","WROTE"
"1161944097024377471","639","7863","WROTE"
"1152936897769636480","640","638","WROTE"
"1155188697583321728","640","1363","WROTE"
"1152936897769636481","641","638","WROTE"
"1152936897769636483","643","638","WROTE"
"1155188697583321731","643","6709","WROTE"
"1157440497397006979","643","9868","WROTE"
"1152936897769636485","645","642","WROTE"
"1155188697583321733","645","1340","WROTE"
"1157440497397006981","645","1360","WROTE"
"1159692297210692229","645","2284","WROTE"
"1161944097024377477","645","3030","WROTE"
"1164195896838062725","645","4707","WROTE"
"1166447696651747973","645","4710","WROTE"
"1168699496465433221","645","9313","WROTE"
"1170951296279118469","645","10005","WROTE"
"1173203096092803717","645","10131","WROTE"
"1152936897769636488","648","646","WROTE"
"1155188697583321736","648","727","WROTE"
"1157440497397006984","648","788","WROTE"
"1159692297210692232","648","4966","WROTE"
"1161944097024377480","648","4971","WROTE"
"1152936897769636490","650","647","WROTE"
"1155188697583321738","650","810","WROTE"
"1157440497397006986","650","3045","WROTE"
"1152936897769636492","652","649","WROTE"
"1155188697583321740","652","967","WROTE"
"1157440497397006988","652","1357","WROTE"
"1159692297210692236","652","9250","WROTE"
"1152936897769636494","654","651","WROTE"
"1155188697583321742","654","667","WROTE"
"1157440497397006990","654","966","WROTE"
"1159692297210692238","654","977","WROTE"
"1161944097024377486","654","1123","WROTE"
"1164195896838062734","654","1337","WROTE"
"1166447696651747982","654","1358","WROTE"
"1168699496465433230","654","1615","WROTE"
"1170951296279118478","654","3043","WROTE"
"1173203096092803726","654","3052","WROTE"
"1175454895906488974","654","3380","WROTE"
"1177706695720174222","654","4492","WROTE"
"1179958495533859470","654","4718","WROTE"
"1182210295347544718","654","4825","WROTE"
"1184462095161229966","654","4840","WROTE"
"1186713894974915214","654","7093","WROTE"
"1188965694788600462","654","9747","WROTE"
"1191217494602285710","654","10157","WROTE"
"1193469294415970958","654","11211","WROTE"
"1152936897769636495","655","653","WROTE"
"1155188697583321743","655","1375","WROTE"
"1157440497397006991","655","1691","WROTE"
"1159692297210692239","655","11452","WROTE"
"1152936897769636496","656","653","WROTE"
"1152936897769636498","658","653","WROTE"
"1152936897769636500","660","657","WROTE"
"1152936897769636502","662","659","WROTE"
"1152936897769636504","664","661","WROTE"
"1155188697583321752","664","973","WROTE"
"1157440497397007000","664","3530","WROTE"
"1159692297210692248","664","10067","WROTE"
"1161944097024377496","664","11202","WROTE"
"1152936897769636506","666","663","WROTE"
"1155188697583321754","666","962","WROTE"
"1152934698746380288","0","4","BELONG_TO"
"1152934698746380290","2","4","BELONG_TO"
"1152934698746380293","5","10654","BELONG_TO"
"1152934698746380295","7","10251","BELONG_TO"
"1152934698746380302","14","10512","BELONG_TO"
"1152934698746380303","15","10657","BELONG_TO"
"1152934698746380305","17","10485","BELONG_TO"
"1152934698746380307","19","10420","BELONG_TO"
"1152934698746380309","21","10700","BELONG_TO"
"1152934698746380310","22","10251","BELONG_TO"
"1152934698746380312","24","10251","BELONG_TO"
"1152934698746380313","25","10755","BELONG_TO"
"1152934698746380315","27","10700","BELONG_TO"
"1152934698746380317","29","33","BELONG_TO"
"1152934698746380319","31","36","BELONG_TO"
"1152934698746380322","34","10334","BELONG_TO"
"1152934698746380325","37","10334","BELONG_TO"
"1152934698746380327","39","10334","BELONG_TO"
"1152934698746380328","40","43","BELONG_TO"
"1152934698746380329","41","10334","BELONG_TO"
"1152934698746380332","44","10334","BELONG_TO"
"1152934698746380334","46","10334","BELONG_TO"
"1152934698746380336","48","10334","BELONG_TO"
"1152934698746380338","50","10334","BELONG_TO"
"1152934698746380339","51","10334","BELONG_TO"
"1152934698746380340","52","10334","BELONG_TO"
"1152934698746380341","53","10334","BELONG_TO"
"1152934698746380342","54","10334","BELONG_TO"
"1152934698746380343","55","10334","BELONG_TO"
"1152934698746380344","56","10334","BELONG_TO"
"1152934698746380345","57","10334","BELONG_TO"
"1152934698746380346","58","10334","BELONG_TO"
"1152934698746380348","60","10334","BELONG_TO"
"1152934698746380349","61","10334","BELONG_TO"
"1152934698746380350","62","10334","BELONG_TO"
"1152934698746380351","63","10334","BELONG_TO"
"1152934698746380352","64","10334","BELONG_TO"
"1152934698746380354","66","10334","BELONG_TO"
"1152934698746380356","68","10334","BELONG_TO"
"1152934698746380357","69","10334","BELONG_TO"
"1152934698746380358","70","10334","BELONG_TO"
"1152934698746380360","72","10334","BELONG_TO"
"1152934698746380362","74","10334","BELONG_TO"
"1152934698746380363","75","10334","BELONG_TO"
"1152934698746380364","76","10334","BELONG_TO"
"1152934698746380366","78","10334","BELONG_TO"
"1152934698746380367","79","10334","BELONG_TO"
"1152934698746380368","80","10334","BELONG_TO"
"1152934698746380369","81","10334","BELONG_TO"
"1152934698746380370","82","10334","BELONG_TO"
"1152934698746380371","83","10334","BELONG_TO"
"1152934698746380372","84","10334","BELONG_TO"
"1152934698746380373","85","10334","BELONG_TO"
"1152934698746380375","87","10334","BELONG_TO"
"1152934698746380376","88","10557","BELONG_TO"
"1152934698746380377","89","10557","BELONG_TO"
"1152934698746380379","91","10334","BELONG_TO"
"1152934698746380380","92","10334","BELONG_TO"
"1152934698746380381","93","4","BELONG_TO"
"1152934698746380382","94","10557","BELONG_TO"
"1152934698746380383","95","10251","BELONG_TO"
"1152934698746380384","96","98","BELONG_TO"
"1152934698746380385","97","101","BELONG_TO"
"1152934698746380387","99","10251","BELONG_TO"
"1152934698746380390","102","10512","BELONG_TO"
"1152934698746380393","105","10512","BELONG_TO"
"1152934698746380398","110","10547","BELONG_TO"
"1152934698746380400","112","116","BELONG_TO"
"1152934698746380402","114","10420","BELONG_TO"
"1152934698746380405","117","116","BELONG_TO"
"1152934698746380407","119","10898","BELONG_TO"
"1152934698746380411","123","126","BELONG_TO"
"1152934698746380415","127","10746","BELONG_TO"
"1152934698746380418","130","134","BELONG_TO"
"1152934698746380420","132","10485","BELONG_TO"
"1152934698746380423","135","10557","BELONG_TO"
"1152934698746380425","137","10657","BELONG_TO"
"1152934698746380427","139","10657","BELONG_TO"
"1152934698746380429","141","10420","BELONG_TO"
"1152934698746380431","143","145","BELONG_TO"
"1152934698746380435","147","10251","BELONG_TO"
"1152934698746380437","149","152","BELONG_TO"
"1152934698746380441","153","10251","BELONG_TO"
"1152934698746380443","155","10251","BELONG_TO"
"1152934698746380445","157","161","BELONG_TO"
"1152934698746380447","159","163","BELONG_TO"
"1152934698746380450","162","43","BELONG_TO"
"1152934698746380452","164","10258","BELONG_TO"
"1152934698746380454","166","10258","BELONG_TO"
"1152934698746380456","168","171","BELONG_TO"
"1152934698746380457","169","174","BELONG_TO"
"1152934698746380460","172","177","BELONG_TO"
"1152934698746380463","175","179","BELONG_TO"
"1152934698746380466","178","182","BELONG_TO"
"1152934698746380468","180","185","BELONG_TO"
"1152934698746380471","183","188","BELONG_TO"
"1152934698746380474","186","10251","BELONG_TO"
"1152934698746380477","189","191","BELONG_TO"
"1152934698746380480","192","10314","BELONG_TO"
"1152934698746380482","194","191","BELONG_TO"
"1152934698746380484","196","200","BELONG_TO"
"1152934698746380486","198","203","BELONG_TO"
"1152934698746380489","201","205","BELONG_TO"
"1152934698746380492","204","207","BELONG_TO"
"1152934698746380494","206","10273","BELONG_TO"
"1152934698746380496","208","10326","BELONG_TO"
"1152934698746380498","210","214","BELONG_TO"
"1152934698746380500","212","10251","BELONG_TO"
"1152934698746380503","215","219","BELONG_TO"
"1152934698746380505","217","222","BELONG_TO"
"1152934698746380508","220","225","BELONG_TO"
"1152934698746380511","223","228","BELONG_TO"
"1152934698746380514","226","230","BELONG_TO"
"1152934698746380517","229","233","BELONG_TO"
"1152934698746380519","231","235","BELONG_TO"
"1152934698746380522","234","238","BELONG_TO"
"1152934698746380524","236","241","BELONG_TO"
"1152934698746380527","239","243","BELONG_TO"
"1152934698746380530","242","245","BELONG_TO"
"1152934698746380532","244","247","BELONG_TO"
"1152934698746380534","246","250","BELONG_TO"
"1152934698746380536","248","253","BELONG_TO"
"1152934698746380539","251","255","BELONG_TO"
"1152934698746380542","254","257","BELONG_TO"
"1152934698746380544","256","260","BELONG_TO"
"1152934698746380546","258","263","BELONG_TO"
"1152934698746380549","261","265","BELONG_TO"
"1152934698746380552","264","267","BELONG_TO"
"1152934698746380554","266","270","BELONG_TO"
"1152934698746380556","268","273","BELONG_TO"
"1152934698746380559","271","275","BELONG_TO"
"1152934698746380562","274","10251","BELONG_TO"
"1152934698746380564","276","279","BELONG_TO"
"1152934698746380566","278","281","BELONG_TO"
"1152934698746380568","280","191","BELONG_TO"
"1152934698746380570","282","286","BELONG_TO"
"1152934698746380572","284","10316","BELONG_TO"
"1152934698746380575","287","10251","BELONG_TO"
"1152934698746380577","289","10251","BELONG_TO"
"1152934698746380578","290","293","BELONG_TO"
"1152934698746380579","291","295","BELONG_TO"
"1152934698746380582","294","297","BELONG_TO"
"1152934698746380584","296","10251","BELONG_TO"
"1152934698746380586","298","177","BELONG_TO"
"1152934698746380588","300","10251","BELONG_TO"
"1152934698746380590","302","304","BELONG_TO"
"1152934698746380591","303","306","BELONG_TO"
"1152934698746380593","305","177","BELONG_TO"
"1152934698746380595","307","309","BELONG_TO"
"1152934698746380596","308","312","BELONG_TO"
"1152934698746380598","310","10251","BELONG_TO"
"1152934698746380601","313","10266","BELONG_TO"
"1152934698746380602","314","243","BELONG_TO"
"1152934698746380604","316","319","BELONG_TO"
"1152934698746380606","318","321","BELONG_TO"
"1152934698746380608","320","243","BELONG_TO"
"1152934698746380610","322","10273","BELONG_TO"
"1152934698746380611","323","325","BELONG_TO"
"1152934698746380612","324","10258","BELONG_TO"
"1152934698746380614","326","255","BELONG_TO"
"1152934698746380615","327","331","BELONG_TO"
"1152934698746380617","329","10251","BELONG_TO"
"1152934698746380620","332","335","BELONG_TO"
"1152934698746380622","334","338","BELONG_TO"
"1152934698746380624","336","188","BELONG_TO"
"1152934698746380627","339","304","BELONG_TO"
"1152934698746380628","340","342","BELONG_TO"
"1152934698746380629","341","345","BELONG_TO"
"1152934698746380631","343","191","BELONG_TO"
"1152934698746380634","346","349","BELONG_TO"
"1152934698746380638","350","126","BELONG_TO"
"1152934698746380641","353","126","BELONG_TO"
"1152934698746380643","355","10512","BELONG_TO"
"1152934698746380645","357","360","BELONG_TO"
"1152934698746380649","361","10557","BELONG_TO"
"1152934698746380654","366","369","BELONG_TO"
"1152934698746380658","370","10485","BELONG_TO"
"1152934698746380662","374","36","BELONG_TO"
"1152934698746380664","376","10478","BELONG_TO"
"1152934698746380666","378","126","BELONG_TO"
"1152934698746380668","380","10678","BELONG_TO"
"1152934698746380672","384","10251","BELONG_TO"
"1152934698746380674","386","10251","BELONG_TO"
"1152934698746380676","388","10251","BELONG_TO"
"1152934698746380678","390","10251","BELONG_TO"
"1152934698746380680","392","10251","BELONG_TO"
"1152934698746380681","393","10251","BELONG_TO"
"1152934698746380682","394","397","BELONG_TO"
"1152934698746380684","396","400","BELONG_TO"
"1152934698746380686","398","403","BELONG_TO"
"1152934698746380689","401","10251","BELONG_TO"
"1152934698746380692","404","10251","BELONG_TO"
"1152934698746380694","406","10420","BELONG_TO"
"1152934698746380696","408","10251","BELONG_TO"
"1152934698746380697","409","411","BELONG_TO"
"1152934698746380698","410","414","BELONG_TO"
"1152934698746380700","412","10251","BELONG_TO"
"1152934698746380703","415","36","BELONG_TO"
"1152934698746380708","420","424","BELONG_TO"
"1152934698746380710","422","427","BELONG_TO"
"1152934698746380713","425","430","BELONG_TO"
"1152934698746380716","428","10251","BELONG_TO"
"1152934698746380719","431","10251","BELONG_TO"
"1152934698746380722","434","10251","BELONG_TO"
"1152934698746380723","435","10251","BELONG_TO"
"1152934698746380725","437","10420","BELONG_TO"
"1152934698746380727","439","10485","BELONG_TO"
"1152934698746380729","441","10515","BELONG_TO"
"1152934698746380731","443","447","BELONG_TO"
"1152934698746380733","445","10347","BELONG_TO"
"1152934698746380736","448","10347","BELONG_TO"
"1152934698746380738","450","10251","BELONG_TO"
"1152934698746380740","452","10251","BELONG_TO"
"1152934698746380741","453","10251","BELONG_TO"
"1152934698746380743","455","10251","BELONG_TO"
"1152934698746380744","456","10251","BELONG_TO"
"1152934698746380745","457","10251","BELONG_TO"
"1152934698746380747","459","462","BELONG_TO"
"1152934698746380751","463","10420","BELONG_TO"
"1152934698746380753","465","10420","BELONG_TO"
"1152934698746380755","467","10420","BELONG_TO"
"1152934698746380756","468","10251","BELONG_TO"
"1152934698746380758","470","10251","BELONG_TO"
"1152934698746380759","471","10485","BELONG_TO"
"1152934698746380760","472","10347","BELONG_TO"
"1152934698746380762","474","10251","BELONG_TO"
"1152934698746380764","476","10251","BELONG_TO"
"1152934698746380766","478","10251","BELONG_TO"
"1152934698746380767","479","10251","BELONG_TO"
"1152934698746380768","480","10746","BELONG_TO"
"1152934698746380770","482","10251","BELONG_TO"
"1152934698746380772","484","488","BELONG_TO"
"1152934698746380774","486","10251","BELONG_TO"
"1152934698746380777","489","488","BELONG_TO"
"1152934698746380779","491","10347","BELONG_TO"
"1152934698746380781","493","10476","BELONG_TO"
"1152934698746380783","495","10476","BELONG_TO"
"1152934698746380784","496","498","BELONG_TO"
"1152934698746380787","499","10901","BELONG_TO"
"1152934698746380789","501","10700","BELONG_TO"
"1152934698746380791","503","10251","BELONG_TO"
"1152934698746380794","506","10901","BELONG_TO"
"1152934698746380796","508","10251","BELONG_TO"
"1152934698746380798","510","10251","BELONG_TO"
"1152934698746380799","511","10420","BELONG_TO"
"1152934698746380801","513","10251","BELONG_TO"
"1152934698746380803","515","10258","BELONG_TO"
"1152934698746380805","517","10251","BELONG_TO"
"1152934698746380807","519","10251","BELONG_TO"
"1152934698746380808","520","10476","BELONG_TO"
"1152934698746380809","521","488","BELONG_TO"
"1152934698746380810","522","488","BELONG_TO"
"1152934698746380811","523","10251","BELONG_TO"
"1152934698746380814","526","10898","BELONG_TO"
"1152934698746380816","528","531","BELONG_TO"
"1152934698746380820","532","10251","BELONG_TO"
"1152934698746380822","534","10251","BELONG_TO"
"1152934698746380823","535","10420","BELONG_TO"
"1152934698746380824","536","10251","BELONG_TO"
"1152934698746380826","538","10251","BELONG_TO"
"1152934698746380827","539","542","BELONG_TO"
"1152934698746380828","540","10476","BELONG_TO"
"1152934698746380831","543","163","BELONG_TO"
"1152934698746380832","544","10251","BELONG_TO"
"1152934698746380834","546","549","BELONG_TO"
"1152934698746380835","547","10485","BELONG_TO"
"1152934698746380838","550","10251","BELONG_TO"
"1152934698746380840","552","10251","BELONG_TO"
"1152934698746380842","554","10251","BELONG_TO"
"1152934698746380844","556","10251","BELONG_TO"
"1152934698746380845","557","10678","BELONG_TO"
"1152934698746380849","561","563","BELONG_TO"
"1152934698746380852","564","10251","BELONG_TO"
"1152934698746380853","565","10251","BELONG_TO"
"1152934698746380855","567","571","BELONG_TO"
"1152934698746380857","569","10251","BELONG_TO"
"1152934698746380860","572","10251","BELONG_TO"
"1152934698746380862","574","10251","BELONG_TO"
"1152934698746380863","575","10251","BELONG_TO"
"1152934698746380865","577","10485","BELONG_TO"
"1152934698746380866","578","10746","BELONG_TO"
"1152934698746380868","580","10251","BELONG_TO"
"1152934698746380870","582","10251","BELONG_TO"
"1152934698746380872","584","10251","BELONG_TO"
"1152934698746380875","587","10251","BELONG_TO"
"1152934698746380876","588","36","BELONG_TO"
"1152934698746380878","590","10266","BELONG_TO"
"1152934698746380880","592","10251","BELONG_TO"
"1152934698746380882","594","10420","BELONG_TO"
"1152934698746380883","595","10420","BELONG_TO"
"1152934698746380885","597","598","BELONG_TO"
"1152934698746380887","599","188","BELONG_TO"
"1152934698746380889","601","10485","BELONG_TO"
"1152934698746380891","603","606","BELONG_TO"
"1152934698746380892","604","10251","BELONG_TO"
"1152934698746380895","607","10251","BELONG_TO"
"1152934698746380896","608","10251","BELONG_TO"
"1152934698746380897","609","10334","BELONG_TO"
"1152934698746380898","610","10334","BELONG_TO"
"1152934698746380901","613","10273","BELONG_TO"
"1152934698746380903","615","10408","BELONG_TO"
"1152934698746380905","617","10334","BELONG_TO"
"1152934698746380907","619","623","BELONG_TO"
"1152934698746380909","621","625","BELONG_TO"
"1152934698746380912","624","10557","BELONG_TO"
"1152934698746380914","626","10334","BELONG_TO"
"1152934698746380916","628","10334","BELONG_TO"
"1152934698746380918","630","10334","BELONG_TO"
"1152934698746380920","632","10334","BELONG_TO"
"1152934698746380922","634","10515","BELONG_TO"
"1152934698746380924","636","10654","BELONG_TO"
"1152934698746380926","638","10251","BELONG_TO"
"1152934698746380930","642","10251","BELONG_TO"
"1152934698746380932","644","10251","BELONG_TO"
"1152934698746380934","646","10515","BELONG_TO"
"1152934698746380935","647","10251","BELONG_TO"
"1152934698746380937","649","10251","BELONG_TO"
"1152934698746380939","651","10251","BELONG_TO"
"1152934698746380941","653","10347","BELONG_TO"
"1152934698746380945","657","10251","BELONG_TO"
"1152934698746380947","659","10251","BELONG_TO"
"1152934698746380949","661","10251","BELONG_TO"
"1152934698746380951","663","488","BELONG_TO"
"1152934698746380953","665","10251","BELONG_TO"
"1152934698746380955","667","10251","BELONG_TO"
"1152934698746380957","669","10654","BELONG_TO"
"1152934698746380958","670","10654","BELONG_TO"
"1152934698746380959","671","488","BELONG_TO"
"1152934698746380961","673","10654","BELONG_TO"
"1152934698746380963","675","488","BELONG_TO"
"1152934698746380965","677","488","BELONG_TO"
"1152934698746380967","679","10347","BELONG_TO"
"1152934698746380969","681","488","BELONG_TO"
"1152934698746380971","683","10251","BELONG_TO"
"1152934698746380973","685","10251","BELONG_TO"
"1152934698746380976","688","10251","BELONG_TO"
"1152934698746380978","690","10251","BELONG_TO"
"1152934698746380980","692","10251","BELONG_TO"
"1152934698746380982","694","10251","BELONG_TO"
"1152934698746380983","695","10485","BELONG_TO"
"1152934698746380985","697","10251","BELONG_TO"
"1152934698746380987","699","10347","BELONG_TO"
"1152934698746380988","700","10654","BELONG_TO"
"1152934698746380990","702","10476","BELONG_TO"
"1152934698746380992","704","10347","BELONG_TO"
"1152934698746380994","706","488","BELONG_TO"
"1152934698746380996","708","10476","BELONG_TO"
"1152934698746380997","709","10251","BELONG_TO"
"1152934698746381000","712","10251","BELONG_TO"
"1152934698746381003","715","10251","BELONG_TO"
"1152934698746381005","717","720","BELONG_TO"
"1152934698746381009","721","10515","BELONG_TO"
"1152934698746381011","723","10251","BELONG_TO"
"1152934698746381012","724","10654","BELONG_TO"
"1152934698746381014","726","10654","BELONG_TO"
"1152934698746381015","727","10476","BELONG_TO"
"1152934698746381016","728","10251","BELONG_TO"
"1152934698746381017","729","10420","BELONG_TO"
"1152934698746381019","731","10476","BELONG_TO"
"1152934698746381021","733","10347","BELONG_TO"
"1152934698746381023","735","737","BELONG_TO"
"1152934698746381026","738","10515","BELONG_TO"
"1152934698746381029","741","36","BELONG_TO"
"1152934698746381033","745","10347","BELONG_TO"
"1152934698746381035","747","488","BELONG_TO"
"1152934698746381038","750","10485","BELONG_TO"
"1152934698746381042","754","10515","BELONG_TO"
"1152934698746381045","757","10251","BELONG_TO"
"1152934698746381048","760","10251","BELONG_TO"
"1152934698746381052","764","10251","BELONG_TO"
"1152934698746381055","767","10251","BELONG_TO"
"1152934698746381056","768","488","BELONG_TO"
"1152934698746381058","770","10476","BELONG_TO"
"1152934698746381060","772","10251","BELONG_TO"
"1152934698746381062","774","10485","BELONG_TO"
"1152934698746381066","778","10485","BELONG_TO"
"1152934698746381068","780","10251","BELONG_TO"
"1152934698746381070","782","10251","BELONG_TO"
"1152934698746381072","784","10476","BELONG_TO"
"1152934698746381073","785","10251","BELONG_TO"
"1152934698746381075","787","10251","BELONG_TO"
"1152934698746381076","788","10476","BELONG_TO"
"1152934698746381078","790","10251","BELONG_TO"
"1152934698746381079","791","10251","BELONG_TO"
"1152934698746381080","792","10515","BELONG_TO"
"1152934698746381082","794","10476","BELONG_TO"
"1152934698746381084","796","488","BELONG_TO"
"1152934698746381086","798","10251","BELONG_TO"
"1152934698746381087","799","10334","BELONG_TO"
"1152934698746381089","801","10334","BELONG_TO"
"1152934698746381091","803","10334","BELONG_TO"
"1152934698746381092","804","806","BELONG_TO"
"1152934698746381095","807","10251","BELONG_TO"
"1152934698746381096","808","812","BELONG_TO"
"1152934698746381098","810","297","BELONG_TO"
"1152934698746381101","813","816","BELONG_TO"
"1152934698746381102","814","10251","BELONG_TO"
"1152934698746381105","817","488","BELONG_TO"
"1152934698746381106","818","488","BELONG_TO"
"1152934698746381108","820","488","BELONG_TO"
"1152934698746381109","821","10515","BELONG_TO"
"1152934698746381110","822","255","BELONG_TO"
"1152934698746381112","824","10251","BELONG_TO"
"1152934698746381113","825","10251","BELONG_TO"
"1152934698746381114","826","488","BELONG_TO"
"1152934698746381116","828","10485","BELONG_TO"
"1152934698746381117","829","10420","BELONG_TO"
"1152934698746381119","831","834","BELONG_TO"
"1152934698746381120","832","10522","BELONG_TO"
"1152934698746381123","835","839","BELONG_TO"
"1152934698746381125","837","10251","BELONG_TO"
"1152934698746381128","840","842","BELONG_TO"
"1152934698746381131","843","847","BELONG_TO"
"1152934698746381133","845","10522","BELONG_TO"
"1152934698746381136","848","10251","BELONG_TO"
"1152934698746381138","850","852","BELONG_TO"
"1152934698746381141","853","857","BELONG_TO"
"1152934698746381143","855","43","BELONG_TO"
"1152934698746381146","858","10515","BELONG_TO"
"1152934698746381148","860","864","BELONG_TO"
"1152934698746381150","862","10251","BELONG_TO"
"1152934698746381153","865","10251","BELONG_TO"
"1152934698746381155","867","10251","BELONG_TO"
"1152934698746381156","868","872","BELONG_TO"
"1152934698746381158","870","10251","BELONG_TO"
"1152934698746381161","873","10251","BELONG_TO"
"1152934698746381163","875","338","BELONG_TO"
"1152934698746381165","877","10251","BELONG_TO"
"1152934698746381166","878","338","BELONG_TO"
"1152934698746381167","879","881","BELONG_TO"
"1152934698746381170","882","885","BELONG_TO"
"1152934698746381174","886","295","BELONG_TO"
"1152934698746381176","888","10251","BELONG_TO"
"1152934698746381178","890","10251","BELONG_TO"
"1152934698746381179","891","10251","BELONG_TO"
"1152934698746381180","892","10251","BELONG_TO"
"1152934698746381182","894","10420","BELONG_TO"
"1152934698746381184","896","899","BELONG_TO"
"1152934698746381186","898","902","BELONG_TO"
"1152934698746381188","900","905","BELONG_TO"
"1152934698746381191","903","338","BELONG_TO"
"1152934698746381194","906","10251","BELONG_TO"
"1152934698746381195","907","10251","BELONG_TO"
"1152934698746381196","908","462","BELONG_TO"
"1152934698746381197","909","10251","BELONG_TO"
"1152934698746381198","910","913","BELONG_TO"
"1152934698746381199","911","10251","BELONG_TO"
"1152934698746381202","914","10251","BELONG_TO"
"1152934698746381203","915","10420","BELONG_TO"
"1152934698746381204","916","10251","BELONG_TO"
"1152934698746381207","919","921","BELONG_TO"
"1152934698746381211","923","10251","BELONG_TO"
"1152934698746381213","925","10445","BELONG_TO"
"1152934698746381215","927","10420","BELONG_TO"
"1152934698746381217","929","10251","BELONG_TO"
"1152934698746381218","930","10251","BELONG_TO"
"1152934698746381219","931","10251","BELONG_TO"
"1152934698746381220","932","10251","BELONG_TO"
"1152934698746381221","933","10251","BELONG_TO"
"1152934698746381222","934","937","BELONG_TO"
"1152934698746381223","935","10251","BELONG_TO"
"1152934698746381226","938","10485","BELONG_TO"
"1152934698746381228","940","943","BELONG_TO"
"1152934698746381230","942","10334","BELONG_TO"
"1152934698746381232","944","10334","BELONG_TO"
"1152934698746381234","946","10334","BELONG_TO"
"1152934698746381235","947","950","BELONG_TO"
"1152934698746381236","948","952","BELONG_TO"
"1152934698746381239","951","10334","BELONG_TO"
"1152934698746381241","953","10334","BELONG_TO"
"1152934698746381242","954","10334","BELONG_TO"
"1152934698746381244","956","10273","BELONG_TO"
"1152934698746381245","957","10266","BELONG_TO"
"1152934698746381246","958","10456","BELONG_TO"
"1152934698746381247","959","10251","BELONG_TO"
"1152934698746381248","960","10251","BELONG_TO"
"1152934698746381250","962","10515","BELONG_TO"
"1152934698746381252","964","10251","BELONG_TO"
"1152934698746381253","965","10251","BELONG_TO"
"1152934698746381254","966","10251","BELONG_TO"
"1152934698746381255","967","10251","BELONG_TO"
"1152934698746381256","968","10251","BELONG_TO"
"1152934698746381257","969","10251","BELONG_TO"
"1152934698746381259","971","10251","BELONG_TO"
"1152934698746381261","973","10251","BELONG_TO"
"1152934698746381262","974","10251","BELONG_TO"
"1152934698746381263","975","10251","BELONG_TO"
"1152934698746381265","977","10251","BELONG_TO"
"1152934698746381266","978","10251","BELONG_TO"
"1152934698746381267","979","10251","BELONG_TO"
"1152934698746381269","981","10251","BELONG_TO"
"1152934698746381271","983","10251","BELONG_TO"
"1152934698746381272","984","10251","BELONG_TO"
"1152934698746381274","986","10512","BELONG_TO"
"1152934698746381275","987","10251","BELONG_TO"
"1152934698746381277","989","10251","BELONG_TO"
"1152934698746381278","990","10420","BELONG_TO"
"1152934698746381279","991","10485","BELONG_TO"
"1152934698746381280","992","10251","BELONG_TO"
"1152934698746381281","993","10251","BELONG_TO"
"1152934698746381283","995","10420","BELONG_TO"
"1152934698746381284","996","10485","BELONG_TO"
"1152934698746381286","998","10420","BELONG_TO"
"1152934698746381288","1000","10251","BELONG_TO"
"1152934698746381290","1002","1005","BELONG_TO"
"1152934698746381292","1004","10251","BELONG_TO"
"1152934698746381294","1006","10678","BELONG_TO"
"1152934698746381295","1007","10654","BELONG_TO"
"1152934698746381296","1008","1011","BELONG_TO"
"1152934698746381300","1012","10251","BELONG_TO"
"1152934698746381302","1014","10251","BELONG_TO"
"1152934698746381304","1016","10420","BELONG_TO"
"1152934698746381305","1017","10420","BELONG_TO"
"1152934698746381306","1018","10251","BELONG_TO"
"1152934698746381308","1020","10251","BELONG_TO"
"1152934698746381310","1022","10251","BELONG_TO"
"1152934698746381312","1024","10334","BELONG_TO"
"1152934698746381313","1025","10334","BELONG_TO"
"1152934698746381314","1026","10557","BELONG_TO"
"1152934698746381315","1027","10334","BELONG_TO"
"1152934698746381316","1028","10334","BELONG_TO"
"1152934698746381317","1029","10334","BELONG_TO"
"1152934698746381319","1031","10334","BELONG_TO"
"1152934698746381321","1033","10334","BELONG_TO"
"1152934698746381322","1034","10334","BELONG_TO"
"1152934698746381324","1036","10334","BELONG_TO"
"1152934698746381326","1038","10334","BELONG_TO"
"1152934698746381328","1040","10334","BELONG_TO"
"1152934698746381329","1041","10334","BELONG_TO"
"1152934698746381331","1043","10557","BELONG_TO"
"1152934698746381333","1045","10334","BELONG_TO"
"1152934698746381334","1046","10557","BELONG_TO"
"1152934698746381337","1049","10334","BELONG_TO"
"1152934698746381339","1051","10251","BELONG_TO"
"1152934698746381341","1053","10347","BELONG_TO"
"1152934698746381343","1055","10251","BELONG_TO"
"1152934698746381345","1057","10251","BELONG_TO"
"1152934698746381347","1059","10347","BELONG_TO"
"1152934698746381348","1060","10251","BELONG_TO"
"1152934698746381350","1062","10251","BELONG_TO"
"1152934698746381351","1063","488","BELONG_TO"
"1152934698746381352","1064","10251","BELONG_TO"
"1152934698746381353","1065","10251","BELONG_TO"
"1152934698746381354","1066","10420","BELONG_TO"
"1152934698746381356","1068","10251","BELONG_TO"
"1152934698746381358","1070","10251","BELONG_TO"
"1152934698746381359","1071","10251","BELONG_TO"
"1152934698746381360","1072","10334","BELONG_TO"
"1152934698746381361","1073","10334","BELONG_TO"
"1152934698746381363","1075","10334","BELONG_TO"
"1152934698746381364","1076","1080","BELONG_TO"
"1152934698746381366","1078","10420","BELONG_TO"
"1152934698746381369","1081","10251","BELONG_TO"
"1152934698746381370","1082","10420","BELONG_TO"
"1152934698746381371","1083","10251","BELONG_TO"
"1152934698746381373","1085","10420","BELONG_TO"
"1152934698746381375","1087","10420","BELONG_TO"
"1152934698746381377","1089","10485","BELONG_TO"
"1152934698746381379","1091","10420","BELONG_TO"
"1152934698746381381","1093","10485","BELONG_TO"
"1152934698746381383","1095","10485","BELONG_TO"
"1152934698746381385","1097","10478","BELONG_TO"
"1152934698746381387","1099","10251","BELONG_TO"
"1152934698746381388","1100","10251","BELONG_TO"
"1152934698746381389","1101","10485","BELONG_TO"
"1152934698746381390","1102","10251","BELONG_TO"
"1152934698746381392","1104","10251","BELONG_TO"
"1152934698746381394","1106","98","BELONG_TO"
"1152934698746381395","1107","10485","BELONG_TO"
"1152934698746381397","1109","10512","BELONG_TO"
"1152934698746381399","1111","10251","BELONG_TO"
"1152934698746381401","1113","10251","BELONG_TO"
"1152934698746381403","1115","10478","BELONG_TO"
"1152934698746381404","1116","10251","BELONG_TO"
"1152934698746381406","1118","10251","BELONG_TO"
"1152934698746381407","1119","10476","BELONG_TO"
"1152934698746381409","1121","10476","BELONG_TO"
"1152934698746381411","1123","10251","BELONG_TO"
"1152934698746381413","1125","10654","BELONG_TO"
"1152934698746381415","1127","11035","BELONG_TO"
"1152934698746381416","1128","10512","BELONG_TO"
"1152934698746381417","1129","10251","BELONG_TO"
"1152934698746381419","1131","10251","BELONG_TO"
"1152934698746381420","1132","10251","BELONG_TO"
"1152934698746381422","1134","10420","BELONG_TO"
"1152934698746381424","1136","10512","BELONG_TO"
"1152934698746381425","1137","10251","BELONG_TO"
"1152934698746381427","1139","10251","BELONG_TO"
"1152934698746381429","1141","10251","BELONG_TO"
"1152934698746381431","1143","10251","BELONG_TO"
"1152934698746381433","1145","10251","BELONG_TO"
"1152934698746381434","1146","10251","BELONG_TO"
"1152934698746381435","1147","10251","BELONG_TO"
"1152934698746381437","1149","10251","BELONG_TO"
"1152934698746381438","1150","10251","BELONG_TO"
"1152934698746381439","1151","10251","BELONG_TO"
"1152934698746381440","1152","10251","BELONG_TO"
"1152934698746381442","1154","10251","BELONG_TO"
"1152934698746381443","1155","10251","BELONG_TO"
"1152934698746381445","1157","10251","BELONG_TO"
"1152934698746381447","1159","488","BELONG_TO"
"1152934698746381448","1160","10485","BELONG_TO"
"1152934698746381450","1162","10251","BELONG_TO"
"1152934698746381452","1164","10251","BELONG_TO"
"1152934698746381453","1165","10251","BELONG_TO"
"1152934698746381455","1167","10334","BELONG_TO"
"1152934698746381457","1169","10334","BELONG_TO"
"1152934698746381459","1171","10334","BELONG_TO"
"1152934698746381462","1174","10334","BELONG_TO"
"1152934698746381464","1176","10334","BELONG_TO"
"1152934698746381465","1177","10334","BELONG_TO"
"1152934698746381467","1179","10334","BELONG_TO"
"1152934698746381468","1180","10334","BELONG_TO"
"1152934698746381470","1182","10334","BELONG_TO"
"1152934698746381472","1184","10334","BELONG_TO"
"1152934698746381473","1185","10334","BELONG_TO"
"1152934698746381475","1187","10334","BELONG_TO"
"1152934698746381477","1189","10557","BELONG_TO"
"1152934698746381479","1191","1194","BELONG_TO"
"1152934698746381481","1193","10515","BELONG_TO"
"1152934698746381483","1195","1199","BELONG_TO"
"1152934698746381485","1197","10251","BELONG_TO"
"1152934698746381488","1200","10347","BELONG_TO"
"1152934698746381490","1202","10251","BELONG_TO"
"1152934698746381492","1204","10251","BELONG_TO"
"1152934698746381495","1207","10251","BELONG_TO"
"1152934698746381497","1209","10251","BELONG_TO"
"1152934698746381498","1210","10251","BELONG_TO"
"1152934698746381500","1212","10251","BELONG_TO"
"1152934698746381501","1213","10654","BELONG_TO"
"1152934698746381505","1217","10251","BELONG_TO"
"1152934698746381507","1219","10251","BELONG_TO"
"1152934698746381509","1221","10251","BELONG_TO"
"1152934698746381510","1222","10251","BELONG_TO"
"1152934698746381512","1224","488","BELONG_TO"
"1152934698746381514","1226","10347","BELONG_TO"
"1152934698746381516","1228","10420","BELONG_TO"
"1152934698746381517","1229","10515","BELONG_TO"
"1152934698746381519","1231","10251","BELONG_TO"
"1152934698746381520","1232","10251","BELONG_TO"
"1152934698746381521","1233","10251","BELONG_TO"
"1152934698746381523","1235","10251","BELONG_TO"
"1152934698746381524","1236","10251","BELONG_TO"
"1152934698746381525","1237","10251","BELONG_TO"
"1152934698746381528","1240","10251","BELONG_TO"
"1152934698746381530","1242","10251","BELONG_TO"
"1152934698746381531","1243","10251","BELONG_TO"
"1152934698746381533","1245","10251","BELONG_TO"
"1152934698746381535","1247","10251","BELONG_TO"
"1152934698746381537","1249","10251","BELONG_TO"
"1152934698746381539","1251","10251","BELONG_TO"
"1152934698746381542","1254","10251","BELONG_TO"
"1152934698746381544","1256","10420","BELONG_TO"
"1152934698746381546","1258","10347","BELONG_TO"
"1152934698746381548","1260","10420","BELONG_TO"
"1152934698746381549","1261","10251","BELONG_TO"
"1152934698746381551","1263","10251","BELONG_TO"
"1152934698746381552","1264","10334","BELONG_TO"
"1152934698746381553","1265","10347","BELONG_TO"
"1152934698746381555","1267","10251","BELONG_TO"
"1152934698746381557","1269","10423","BELONG_TO"
"1152934698746381558","1270","10420","BELONG_TO"
"1152934698746381560","1272","10420","BELONG_TO"
"1152934698746381561","1273","10420","BELONG_TO"
"1152934698746381562","1274","10420","BELONG_TO"
"1152934698746381563","1275","10420","BELONG_TO"
"1152934698746381564","1276","10420","BELONG_TO"
"1152934698746381565","1277","10420","BELONG_TO"
"1152934698746381566","1278","10251","BELONG_TO"
"1152934698746381567","1279","10420","BELONG_TO"
"1152934698746381568","1280","10420","BELONG_TO"
"1152934698746381569","1281","10251","BELONG_TO"
"1152934698746381571","1283","10423","BELONG_TO"
"1152934698746381572","1284","10485","BELONG_TO"
"1152934698746381573","1285","10420","BELONG_TO"
"1152934698746381574","1286","10251","BELONG_TO"
"1152934698746381575","1287","10251","BELONG_TO"
"1152934698746381576","1288","10420","BELONG_TO"
"1152934698746381577","1289","10251","BELONG_TO"
"1152934698746381578","1290","10420","BELONG_TO"
"1152934698746381579","1291","10251","BELONG_TO"
"1152934698746381580","1292","10251","BELONG_TO"
"1152934698746381581","1293","488","BELONG_TO"
"1152934698746381583","1295","10251","BELONG_TO"
"1152934698746381585","1297","10251","BELONG_TO"
"1152934698746381586","1298","10347","BELONG_TO"
"1152934698746381588","1300","36","BELONG_TO"
"1152934698746381589","1301","10251","BELONG_TO"
"1152934698746381591","1303","10347","BELONG_TO"
"1152934698746381592","1304","10515","BELONG_TO"
"1152934698746381593","1305","10515","BELONG_TO"
"1152934698746381594","1306","10654","BELONG_TO"
"1152934698746381595","1307","10251","BELONG_TO"
"1152934698746381597","1309","1311","BELONG_TO"
"1152934698746381598","1310","1314","BELONG_TO"
"1152934698746381600","1312","10408","BELONG_TO"
"1152934698746381603","1315","10334","BELONG_TO"
"1152934698746381605","1317","10334","BELONG_TO"
"1152934698746381607","1319","10251","BELONG_TO"
"1152934698746381609","1321","10476","BELONG_TO"
"1152934698746381611","1323","10515","BELONG_TO"
"1152934698746381613","1325","10251","BELONG_TO"
"1152934698746381614","1326","10251","BELONG_TO"
"1152934698746381615","1327","10515","BELONG_TO"
"1152934698746381616","1328","10476","BELONG_TO"
"1152934698746381617","1329","10485","BELONG_TO"
"1152934698746381619","1331","10515","BELONG_TO"
"1152934698746381621","1333","10251","BELONG_TO"
"1152934698746381625","1337","10251","BELONG_TO"
"1152934698746381627","1339","10251","BELONG_TO"
"1152934698746381628","1340","10251","BELONG_TO"
"1152934698746381630","1342","10515","BELONG_TO"
"1152934698746381631","1343","10251","BELONG_TO"
"1152934698746381634","1346","10485","BELONG_TO"
"1152934698746381636","1348","10476","BELONG_TO"
"1152934698746381637","1349","10251","BELONG_TO"
"1152934698746381638","1350","10251","BELONG_TO"
"1152934698746381640","1352","10515","BELONG_TO"
"1152934698746381642","1354","10251","BELONG_TO"
"1152934698746381644","1356","10347","BELONG_TO"
"1152934698746381645","1357","10251","BELONG_TO"
"1152934698746381646","1358","10251","BELONG_TO"
"1152934698746381647","1359","10654","BELONG_TO"
"1152934698746381648","1360","10251","BELONG_TO"
"1152934698746381650","1362","10251","BELONG_TO"
"1152934698746381651","1363","10251","BELONG_TO"
"1152934698746381653","1365","10251","BELONG_TO"
"1152934698746381654","1366","10654","BELONG_TO"
"1152934698746381656","1368","10334","BELONG_TO"
"1152934698746381658","1370","10251","BELONG_TO"
"1152934698746381661","1373","10251","BELONG_TO"
"1152934698746381663","1375","10700","BELONG_TO"
"1152934698746381664","1376","10251","BELONG_TO"
"1152934698746381665","1377","10251","BELONG_TO"
"1152934698746381666","1378","10251","BELONG_TO"
"1152934698746381667","1379","10251","BELONG_TO"
"1152934698746381669","1381","10251","BELONG_TO"
"1152934698746381671","1383","10515","BELONG_TO"
"1152934698746381673","1385","1387","BELONG_TO"
"1152934698746381674","1386","10251","BELONG_TO"
"1152934698746381676","1388","10251","BELONG_TO"
"1152934698746381677","1389","36","BELONG_TO"
"1152934698746381679","1391","10251","BELONG_TO"
"1152934698746381682","1394","488","BELONG_TO"
"1152934698746381684","1396","10251","BELONG_TO"
"1152934698746381686","1398","1401","BELONG_TO"
"1152934698746381688","1400","10251","BELONG_TO"
"1152934698746381690","1402","10251","BELONG_TO"
"1152934698746381691","1403","10251","BELONG_TO"
"1152934698746381693","1405","10420","BELONG_TO"
"1152934698746381695","1407","10476","BELONG_TO"
"1152934698746381697","1409","10420","BELONG_TO"
"1152934698746381699","1411","10522","BELONG_TO"
"1152934698746381702","1414","10485","BELONG_TO"
"1152934698746381704","1416","10251","BELONG_TO"
"1152934698746381705","1417","10700","BELONG_TO"
"1152934698746381707","1419","10898","BELONG_TO"
"1152934698746381709","1421","10251","BELONG_TO"
"1152934698746381710","1422","10515","BELONG_TO"
"1152934698746381711","1423","36","BELONG_TO"
"1152934698746381712","1424","10515","BELONG_TO"
"1152934698746381713","1425","10678","BELONG_TO"
"1152934698746381715","1427","10485","BELONG_TO"
"1152934698746381717","1429","10485","BELONG_TO"
"1152934698746381719","1431","10512","BELONG_TO"
"1152934698746381721","1433","488","BELONG_TO"
"1152934698746381723","1435","10898","BELONG_TO"
"1152934698746381726","1438","488","BELONG_TO"
"1152934698746381728","1440","10347","BELONG_TO"
"1152934698746381729","1441","488","BELONG_TO"
"1152934698746381733","1445","10476","BELONG_TO"
"1152934698746381735","1447","10251","BELONG_TO"
"1152934698746381737","1449","10485","BELONG_TO"
"1152934698746381739","1451","10476","BELONG_TO"
"1152934698746381743","1455","10485","BELONG_TO"
"1152934698746381745","1457","10420","BELONG_TO"
"1152934698746381747","1459","10485","BELONG_TO"
"1152934698746381749","1461","369","BELONG_TO"
"1152934698746381751","1463","488","BELONG_TO"
"1152934698746381753","1465","10515","BELONG_TO"
"1152934698746381755","1467","10557","BELONG_TO"
"1152934698746381757","1469","10557","BELONG_TO"
"1152934698746381758","1470","10557","BELONG_TO"
"1152934698746381759","1471","10557","BELONG_TO"
"1152934698746381760","1472","10557","BELONG_TO"
"1152934698746381761","1473","33","BELONG_TO"
"1152934698746381763","1475","10515","BELONG_TO"
"1152934698746381765","1477","10476","BELONG_TO"
"1152934698746381767","1479","10476","BELONG_TO"
"1152934698746381769","1481","488","BELONG_TO"
"1152934698746381771","1483","10654","BELONG_TO"
"1152934698746381772","1484","10522","BELONG_TO"
"1152934698746381774","1486","10476","BELONG_TO"
"1152934698746381776","1488","10700","BELONG_TO"
"1152934698746381778","1490","488","BELONG_TO"
"1152934698746381779","1491","10700","BELONG_TO"
"1152934698746381780","1492","10476","BELONG_TO"
"1152934698746381781","1493","1496","BELONG_TO"
"1152934698746381785","1497","10522","BELONG_TO"
"1152934698746381787","1499","126","BELONG_TO"
"1152934698746381791","1503","531","BELONG_TO"
"1152934698746381793","1505","1508","BELONG_TO"
"1152934698746381797","1509","1512","BELONG_TO"
"1152934698746381799","1511","1508","BELONG_TO"
"1152934698746381801","1513","1516","BELONG_TO"
"1152934698746381802","1514","10485","BELONG_TO"
"1152934698746381805","1517","10251","BELONG_TO"
"1152934698746381807","1519","10547","BELONG_TO"
"1152934698746381811","1523","10476","BELONG_TO"
"1152934698746381813","1525","10485","BELONG_TO"
"1152934698746381817","1529","11035","BELONG_TO"
"1152934698746381819","1531","10420","BELONG_TO"
"1152934698746381821","1533","10515","BELONG_TO"
"1152934698746381823","1535","10700","BELONG_TO"
"1152934698746381824","1536","10251","BELONG_TO"
"1152934698746381826","1538","10251","BELONG_TO"
"1152934698746381828","1540","10485","BELONG_TO"
"1152934698746381830","1542","488","BELONG_TO"
"1152934698746381833","1545","488","BELONG_TO"
"1152934698746381834","1546","10515","BELONG_TO"
"1152934698746381836","1548","1551","BELONG_TO"
"1152934698746381840","1552","1554","BELONG_TO"
"1152934698746381841","1553","488","BELONG_TO"
"1152934698746381843","1555","10251","BELONG_TO"
"1152934698746381844","1556","10700","BELONG_TO"
"1152934698746381845","1557","10654","BELONG_TO"
"1152934698746381847","1559","10485","BELONG_TO"
"1152934698746381849","1561","10485","BELONG_TO"
"1152934698746381851","1563","10485","BELONG_TO"
"1152934698746381853","1565","10478","BELONG_TO"
"1152934698746381855","1567","10420","BELONG_TO"
"1152934698746381857","1569","10420","BELONG_TO"
"1152934698746381859","1571","360","BELONG_TO"
"1152934698746381860","1572","10251","BELONG_TO"
"1152934698746381862","1574","10420","BELONG_TO"
"1152934698746381864","1576","10476","BELONG_TO"
"1152934698746381866","1578","10746","BELONG_TO"
"1152934698746381868","1580","10522","BELONG_TO"
"1152934698746381870","1582","10347","BELONG_TO"
"1152934698746381959","1671","10678","BELONG_TO"
"1152934698746381965","1677","10678","BELONG_TO"
"1152934698746382017","1729","10678","BELONG_TO"
"1152934698746382972","2684","10678","BELONG_TO"
"1152934698746383207","2919","10678","BELONG_TO"
"1152934698746383597","3309","10678","BELONG_TO"
"1152934698746383785","3497","10678","BELONG_TO"
"1152934698746383991","3703","10678","BELONG_TO"
"1152934698746384822","4534","10678","BELONG_TO"
"1152934698746384854","4566","10678","BELONG_TO"
"1152934698746385058","4770","10678","BELONG_TO"
"1152934698746385578","5290","10678","BELONG_TO"
"1152934698746386032","5744","10678","BELONG_TO"
"1152934698746386166","5878","10678","BELONG_TO"
"1152934698746386404","6116","10678","BELONG_TO"
"1152934698746386419","6131","10678","BELONG_TO"
"1152934698746386468","6180","10678","BELONG_TO"
"1152934698746386798","6510","10678","BELONG_TO"
"1152934698746387550","7262","10678","BELONG_TO"
"1152934698746387746","7458","10678","BELONG_TO"
"1152934698746387926","7638","10678","BELONG_TO"
"1152934698746388028","7740","10678","BELONG_TO"
"1152934698746388817","8529","10678","BELONG_TO"
"1152934698746388856","8568","10678","BELONG_TO"
"1152934698746388878","8590","10678","BELONG_TO"
"1152934698746389186","8898","10678","BELONG_TO"
"1152934698746389520","9232","10678","BELONG_TO"
"1152934698746389935","9647","10678","BELONG_TO"
"1152934698746390375","10087","10678","BELONG_TO"
"1152934698746390394","10106","10678","BELONG_TO"
"1152934698746390963","10675","10678","BELONG_TO"
"1152934698746391025","10737","10678","BELONG_TO"
"1152934698746391143","10855","10678","BELONG_TO"
"1152934698746391153","10865","10678","BELONG_TO"
"1152934698746391172","10884","10678","BELONG_TO"
"1152934698746391425","11137","10678","BELONG_TO"
"1152934698746391877","11589","10678","BELONG_TO"
"1152934698746386416","6128","10678","BELONG_TO"
"1152934698746388791","8503","8505","BELONG_TO"
"1152934698746385746","5458","5463","BELONG_TO"